abe,allies,and,are,barack,in,japan,met,modi,narendra,obama,of,president,shinzo,states,strong,the,united,visited,was
0.0,0.0,0.0,0.0,0.0,0.0,0.0,0.0,0.4235212730041086,0.4235212730041086,0.0,0.0,0.0,0.0,0.3428769712206024,0.0,0.3428769712206024,0.3428769712206024,0.5371830325370646,0.0
0.0,0.0,0.0,0.0,0.3665078979222198,0.0,0.0,0.0,0.0,0.0,0.3665078979222198,0.3665078979222198,0.3665078979222198,0.0,0.23393724365136137,0.0,0.46787448730272274,0.23393724365136137,0.0,0.3665078979222198
0.41292788407934816,0.0,0.0,0.0,0.0,0.41292788407934816,0.32555708674977907,0.41292788407934816,0.32555708674977907,0.32555708674977907,0.0,0.0,0.0,0.41292788407934816,0.0,0.0,0.0,0.0,0.0,0.0
0.0,0.41366754232194297,0.41366754232194297,0.41366754232194297,0.0,0.0,0.32614024180404844,0.0,0.0,0.0,0.0,0.0,0.0,0.0,0.2640386337850902,0.41366754232194297,0.2640386337850902,0.2640386337850902,0.0,0.0
